{"Formal_Education":3.8395061728,"Position":3.8148148148,"Years_Coding":3.1975308642,"Salary":22663.0802469136,"Age":19.5}
{"Formal_Education":4.387804878,"Position":3.4073170732,"Years_Coding":3.4097560976,"Salary":21676.9414634146,"Age":23.0}
{"Formal_Education":4.7510548523,"Position":2.9767932489,"Years_Coding":4.496835443,"Salary":41599.4483122363,"Age":27.0}
{"Formal_Education":4.9987212276,"Position":2.5613810742,"Years_Coding":6.6956521739,"Salary":53419.5767263427,"Age":32.0}
{"Formal_Education":5.0386965377,"Position":3.0285132383,"Years_Coding":8.9307535642,"Salary":62256.1272912424,"Age":37.0}
{"Formal_Education":5.0541310541,"Position":2.9544159544,"Years_Coding":9.7606837607,"Salary":64228.849002849,"Age":42.0}
{"Formal_Education":4.4975845411,"Position":3.0724637681,"Years_Coding":10.7487922705,"Salary":69869.0652173913,"Age":47.0}
{"Formal_Education":5.0882352941,"Position":3.2279411765,"Years_Coding":10.9705882353,"Salary":62942.5147058824,"Age":52.0}
{"Formal_Education":4.875,"Position":2.8125,"Years_Coding":10.78125,"Salary":99460.4375,"Age":57.0}
{"Formal_Education":5.1860465116,"Position":3.4186046512,"Years_Coding":12.2558139535,"Salary":101720.4534883721,"Age":64.5}